Day,Date,Time,Home,Score,Away,Attendance,Venue,Referee,Match Report,Notes
Sat,2/29/2020,13:00 (12:00),D.C. United,,Colorado,,Audi Field,,,
Sat,2/29/2020,15:00 (14:00),Montreal,,New England,,Olympic Stadium,,,
Sat,2/29/2020,14:30,Houston,,LA Galaxy,,BBVA Compass Stadium,,,
Sat,2/29/2020,14:30 (16:30),San Jose,,Toronto FC,,Avaya Stadium,,,
Sat,2/29/2020,17:00,FC Dallas,,Philadelphia,,Toyota Stadium,,,
Sat,2/29/2020,18:00 (17:00),Orlando City,,Real Salt Lake,,Exploria Stadium,,,
Sat,2/29/2020,19:00,Nashville,,Atlanta,,Nissan Stadium,,,
Sat,2/29/2020,19:30 (21:30),Vancouver,,Sporting KC,,BC Place,,,
Sun,3/1/2020,12:30 (11:30),Columbus,,NYCFC,,MAPFRE Stadium,,,
Sun,3/1/2020,13:00 (12:00),NY Red Bulls,,FC Cincinnati,,Red Bull Arena,,,
Sun,3/1/2020,12:00 (14:00),Seattle,,Chicago,,CenturyLink Field,,,
Sun,3/1/2020,14:30 (16:30),Los Angeles FC,,Miami,,Banc of California Stadium,,,
Sun,3/1/2020,16:30 (18:30),Portland,,Minnesota,,Providence Park,,,
Sat,3/7/2020,13:30 (12:30),New England,,Chicago,,Gillette Stadium,,,
Sat,3/7/2020,12:00 (13:00),Real Salt Lake,,NY Red Bulls,,Rio Tinto Stadium,,,
Sat,3/7/2020,14:00,FC Dallas,,Montreal,,Toyota Stadium,,,
Sat,3/7/2020,15:30 (14:30),D.C. United,,Miami,,Audi Field,,,
Sat,3/7/2020,17:00 (16:00),Toronto FC,,NYCFC,,BMO Field,,,
Sat,3/7/2020,19:00 (18:00),Atlanta,,FC Cincinnati,,Mercedes-Benz Stadium,,,
Sat,3/7/2020,17:00 (19:00),San Jose,,Minnesota,,Avaya Stadium,,,
Sat,3/7/2020,19:30,Sporting KC,,Houston,,Children's Mercy Park,,,
Sat,3/7/2020,19:00 (20:00),Colorado,,Orlando City,,Dick's Sporting Goods Park,,,
Sat,3/7/2020,19:00 (21:00),Seattle,,Columbus,,CenturyLink Field,,,
Sat,3/7/2020,19:00 (21:00),LA Galaxy,,Vancouver,,Dignity Health Sports Park,,,
Sun,3/8/2020,16:00 (18:00),Portland,,Nashville,,Providence Park,,,
Sun,3/8/2020,19:30 (21:30),Los Angeles FC,,Philadelphia,,Banc of California Stadium,,,
Sat,3/14/2020,12:30 (11:30),NYCFC,,FC Dallas,,Yankee Stadium,,,
Sat,3/14/2020,14:30 (13:30),Miami,,LA Galaxy,,Lockhart Stadium,,,
Sat,3/14/2020,16:00 (15:00),Toronto FC,,Nashville,,BMO Field,,,
Sat,3/14/2020,17:00 (16:00),Columbus,,Real Salt Lake,,MAPFRE Stadium,,,
Sat,3/14/2020,17:30 (16:30),FC Cincinnati,,D.C. United,,Nippert Stadium,,,
Sat,3/14/2020,16:00 (18:00),Vancouver,,Colorado,,BC Place,,,
Sat,3/14/2020,19:00 (18:00),Atlanta,,Sporting KC,,Mercedes-Benz Stadium,,,
Sat,3/14/2020,19:30 (18:30),Orlando City,,Chicago,,Exploria Stadium,,,
Sat,3/14/2020,19:30 (18:30),Philadelphia,,San Jose,,Subaru Park,,,
Sat,3/14/2020,19:30,Houston,,Seattle,,BBVA Compass Stadium,,,
Sun,3/15/2020,13:30 (12:30),New England,,Portland,,Gillette Stadium,,,
Sun,3/15/2020,18:00,Minnesota,,NY Red Bulls,,Allianz Field,,,
Sat,3/21/2020,12:30 (11:30),NYCFC,,Vancouver,,Yankee Stadium,,,
Sat,3/21/2020,13:00,Nashville,,Columbus,,Nissan Stadium,,,
Sat,3/21/2020,14:00,Minnesota,,Montreal,,Allianz Field,,,
Sat,3/21/2020,15:00 (14:00),FC Cincinnati,,Toronto FC,,Nippert Stadium,,,
Sat,3/21/2020,14:30,Chicago,,Atlanta,,Soldier Field,,,
Sat,3/21/2020,20:00 (19:00),Miami,,NY Red Bulls,,Lockhart Stadium,,,
Sat,3/21/2020,19:00 (20:00),Real Salt Lake,,New England,,Rio Tinto Stadium,,,
Sat,3/21/2020,19:00 (20:00),Colorado,,Houston,,Dick's Sporting Goods Park,,,
Sat,3/21/2020,19:00 (21:00),Seattle,,FC Dallas,,CenturyLink Field,,,
Sat,3/21/2020,19:00 (21:00),San Jose,,Sporting KC,,Avaya Stadium,,,
Sun,3/22/2020,15:30 (14:30),Philadelphia,,D.C. United,,Subaru Park,,,
Sun,3/22/2020,15:00 (17:00),LA Galaxy,,Orlando City,,Dignity Health Sports Park,,,
Sun,3/22/2020,18:00 (20:00),Los Angeles FC,,Portland,,Banc of California Stadium,,,
Sat,3/28/2020,13:00 (12:00),NY Red Bulls,,Orlando City,,Red Bull Arena,,,
Sat,3/28/2020,19:30,Sporting KC,,Real Salt Lake,,Children's Mercy Park,,,
Sat,3/28/2020,19:30 (21:30),Portland,,Philadelphia,,Providence Park,,,
Fri,4/3/2020,19:00 (18:00),D.C. United,,NYCFC,,Audi Field,,,
Fri,4/3/2020,20:00,Nashville,,Seattle,,Nissan Stadium,,,
Sat,4/4/2020,13:00,Chicago,,NY Red Bulls,,Soldier Field,,,
Sat,4/4/2020,15:00 (14:00),Orlando City,,Montreal,,Exploria Stadium,,,
Sat,4/4/2020,14:30,FC Dallas,,Los Angeles FC,,Toyota Stadium,,,
Sat,4/4/2020,16:00 (15:00),Columbus,,Toronto FC,,MAPFRE Stadium,,,
Sat,4/4/2020,17:00,Houston,,Portland,,BBVA Compass Stadium,,,
Sat,4/4/2020,19:30 (18:30),New England,,Colorado,,Gillette Stadium,,,
Sat,4/4/2020,19:00,Minnesota,,San Jose,,Allianz Field,,,
Sat,4/4/2020,19:00 (21:00),Vancouver,,Real Salt Lake,,BC Place,,,
Sat,4/4/2020,19:30 (21:30),LA Galaxy,,Sporting KC,,Dignity Health Sports Park,,,
Sun,4/5/2020,15:00 (14:00),Miami,,Philadelphia,,Lockhart Stadium,,,
Sun,4/5/2020,17:00 (16:00),FC Cincinnati,,Atlanta,,Nippert Stadium,,,
Sat,4/11/2020,13:00 (12:00),Philadelphia,,Montreal,,Subaru Park,,,
Sat,4/11/2020,14:00,Houston,,Miami,,BBVA Compass Stadium,,,
Sat,4/11/2020,14:00 (16:00),San Jose,,D.C. United,,Avaya Stadium,,,
Sat,4/11/2020,19:30 (18:30),Columbus,,Orlando City,,MAPFRE Stadium,,,
Sat,4/11/2020,19:30 (18:30),New England,,FC Cincinnati,,Gillette Stadium,,,
Sat,4/11/2020,19:30 (18:30),Toronto FC,,NY Red Bulls,,BMO Field,,,
Sat,4/11/2020,19:00,Minnesota,,LA Galaxy,,Allianz Field,,,
Sat,4/11/2020,19:00,Nashville,,Sporting KC,,Nissan Stadium,,,
Sat,4/11/2020,19:00 (20:00),Real Salt Lake,,Colorado,,Rio Tinto Stadium,,,
Sat,4/11/2020,19:00 (21:00),Vancouver,,Los Angeles FC,,BC Place,,,
Sat,4/11/2020,19:30 (21:30),Portland,,FC Dallas,,Providence Park,,,
Sun,4/12/2020,12:30 (11:30),NYCFC,,Chicago,,Yankee Stadium,,,
Wed,4/15/2020,20:00 (19:00),D.C. United,,Toronto FC,,Audi Field,,,
Wed,4/15/2020,20:00 (19:00),Philadelphia,,LA Galaxy,,Subaru Park,,,
Wed,4/15/2020,19:30,Houston,,Minnesota,,BBVA Compass Stadium,,,
Wed,4/15/2020,19:00 (20:00),Colorado,,San Jose,,Dick's Sporting Goods Park,,,
Sat,4/18/2020,13:00 (12:00),NY Red Bulls,,New England,,Red Bull Arena,,,
Sat,4/18/2020,13:00 (12:00),Montreal,,Houston,,Saputo Stadium,,,
Sat,4/18/2020,14:00 (13:00),Toronto FC,,LA Galaxy,,BMO Field,,,
Sat,4/18/2020,15:30 (14:30),Miami,,San Jose,,Lockhart Stadium,,,
Sat,4/18/2020,19:30 (18:30),Orlando City,,FC Cincinnati,,Exploria Stadium,,,
Sat,4/18/2020,19:00,Minnesota,,FC Dallas,,Allianz Field,,,
Sat,4/18/2020,19:00,Nashville,,D.C. United,,Nissan Stadium,,,
Sat,4/18/2020,19:30,Sporting KC,,Colorado,,Children's Mercy Park,,,
Sat,4/18/2020,19:00 (21:00),Seattle,,Vancouver,,CenturyLink Field,,,
Sat,4/18/2020,19:30 (21:30),Los Angeles FC,,Real Salt Lake,,Banc of California Stadium,,,
Sun,4/19/2020,13:00,Chicago,,Columbus,,Soldier Field,,,
Sun,4/19/2020,16:00 (15:00),Philadelphia,,NYCFC,,Subaru Park,,,
Sun,4/19/2020,18:30 (17:30),Atlanta,,Portland,,Mercedes-Benz Stadium,,,
Sat,4/25/2020,13:00 (12:00),New England,,Montreal,,Gillette Stadium,,,
Sat,4/25/2020,15:00 (14:00),Miami,,Toronto FC,,Lockhart Stadium,,,
Sat,4/25/2020,14:30,Chicago,,Los Angeles FC,,Soldier Field,,,
Sat,4/25/2020,19:30 (18:30),Columbus,,Philadelphia,,MAPFRE Stadium,,,
Sat,4/25/2020,19:30,Sporting KC,,Minnesota,,Children's Mercy Park,,,
Sat,4/25/2020,19:00 (20:00),Real Salt Lake,,Seattle,,Rio Tinto Stadium,,,
Sat,4/25/2020,19:00 (20:00),Colorado,,FC Dallas,,Dick's Sporting Goods Park,,,
Sat,4/25/2020,19:00 (21:00),Portland,,Vancouver,,Providence Park,,,
Sat,4/25/2020,19:30 (21:30),LA Galaxy,,Houston,,Dignity Health Sports Park,,,
Sun,4/26/2020,13:00 (12:00),Orlando City,,Atlanta,,Exploria Stadium,,,
Sun,4/26/2020,15:00 (14:00),D.C. United,,NY Red Bulls,,Audi Field,,,
Sun,4/26/2020,17:00 (16:00),NYCFC,,Nashville,,Citi Field,,,
Sun,4/26/2020,17:00 (16:00),FC Cincinnati,,San Jose,,Nippert Stadium,,,
Wed,4/29/2020,19:00 (18:00),Columbus,,Minnesota,,MAPFRE Stadium,,,
Wed,4/29/2020,20:00 (19:00),Toronto FC,,New England,,BMO Field,,,
Wed,4/29/2020,19:30 (20:30),Real Salt Lake,,Miami,,Rio Tinto Stadium,,,
Wed,4/29/2020,19:30 (21:30),San Jose,,Vancouver,,Avaya Stadium,,,
Sat,5/2/2020,13:00 (12:00),Montreal,,Orlando City,,Saputo Stadium,,,
Sat,5/2/2020,15:00 (14:00),Toronto FC,,Vancouver,,BMO Field,,,
Sat,5/2/2020,12:30 (14:30),Portland,,LA Galaxy,,Providence Park,,,
Sat,5/2/2020,14:30 (16:30),Seattle,,D.C. United,,CenturyLink Field,,,
Sat,5/2/2020,19:30 (18:30),NY Red Bulls,,Columbus,,Red Bull Arena,,,
Sat,5/2/2020,19:30 (18:30),New England,,NYCFC,,Gillette Stadium,,,
Sat,5/2/2020,19:00,Minnesota,,Colorado,,Allianz Field,,,
Sat,5/2/2020,20:00 (19:00),Philadelphia,,FC Cincinnati,,Subaru Park,,,
Sat,5/2/2020,19:30,FC Dallas,,Chicago,,Toyota Stadium,,,
Sat,5/2/2020,19:30 (21:30),Los Angeles FC,,Sporting KC,,Banc of California Stadium,,,
Sun,5/3/2020,15:00 (14:00),Atlanta,,Real Salt Lake,,Mercedes-Benz Stadium,,,
Sun,5/3/2020,15:00,Houston,,San Jose,,BBVA Compass Stadium,,,
Sun,5/3/2020,17:00,Nashville,,Miami,,Nissan Stadium,,,
Wed,5/6/2020,19:00 (18:00),Orlando City,,Houston,,Exploria Stadium,,,
Wed,5/6/2020,19:30 (18:30),FC Cincinnati,,NY Red Bulls,,Nippert Stadium,,,
Wed,5/6/2020,19:00 (20:00),Colorado,,LA Galaxy,,Dick's Sporting Goods Park,,,
Sat,5/9/2020,13:00 (12:00),Columbus,,Montreal,,MAPFRE Stadium,,,
Sat,5/9/2020,14:00,Chicago,,Miami,,Soldier Field,,,
Sat,5/9/2020,15:00,Sporting KC,,Toronto FC,,Children's Mercy Park,,,
Sat,5/9/2020,19:00 (18:00),D.C. United,,Houston,,Audi Field,,,
Sat,5/9/2020,19:30 (18:30),FC Cincinnati,,New England,,Nippert Stadium,,,
Sat,5/9/2020,19:30 (18:30),Orlando City,,Minnesota,,Exploria Stadium,,,
Sat,5/9/2020,19:00,Nashville,,FC Dallas,,Nissan Stadium,,,
Sat,5/9/2020,20:00 (19:00),Philadelphia,,Atlanta,,Subaru Park,,,
Sat,5/9/2020,19:00 (20:00),Real Salt Lake,,Portland,,Rio Tinto Stadium,,,
Sat,5/9/2020,19:00 (21:00),Seattle,,Colorado,,CenturyLink Field,,,
Sat,5/9/2020,19:00 (21:00),San Jose,,Los Angeles FC,,Avaya Stadium,,,
Sun,5/10/2020,13:00 (15:00),LA Galaxy,,NY Red Bulls,,Dignity Health Sports Park,,,
Wed,5/13/2020,19:00 (18:00),NYCFC,,Toronto FC,,Yankee Stadium,,,
Wed,5/13/2020,19:00,Nashville,,Philadelphia,,Nissan Stadium,,,
Wed,5/13/2020,19:00,Minnesota,,Real Salt Lake,,Allianz Field,,,
Wed,5/13/2020,19:30 (21:30),San Jose,,Seattle,,Avaya Stadium,,,
Sat,5/16/2020,13:00 (12:00),Montreal,,Chicago,,Saputo Stadium,,,
Sat,5/16/2020,13:00 (12:00),NY Red Bulls,,Atlanta,,Red Bull Arena,,,
Sat,5/16/2020,12:00 (14:00),Los Angeles FC,,LA Galaxy,,Banc of California Stadium,,,
Sat,5/16/2020,17:30 (16:30),Toronto FC,,FC Cincinnati,,BMO Field,,,
Sat,5/16/2020,19:00 (18:00),D.C. United,,Orlando City,,Audi Field,,,
Sat,5/16/2020,19:00 (18:00),NYCFC,,Colorado,,Yankee Stadium,,,
Sat,5/16/2020,16:30 (18:30),Vancouver,,Nashville,,BC Place,,,
Sat,5/16/2020,19:30 (18:30),New England,,Columbus,,Gillette Stadium,,,
Sat,5/16/2020,20:00 (19:00),Philadelphia,,Sporting KC,,Subaru Park,,,
Sat,5/16/2020,20:00 (19:00),Miami,,Minnesota,,Lockhart Stadium,,,
Sat,5/16/2020,19:30,FC Dallas,,Houston,,Toyota Stadium,,,
Sat,5/16/2020,19:00 (20:00),Real Salt Lake,,San Jose,,Rio Tinto Stadium,,,
Sun,5/17/2020,14:00 (16:00),Portland,,Seattle,,Providence Park,,,
Sat,5/23/2020,15:00 (14:00),Montreal,,San Jose,,Saputo Stadium,,,
Sat,5/23/2020,13:30 (14:30),Real Salt Lake,,LA Galaxy,,Rio Tinto Stadium,,,
Sat,5/23/2020,13:00 (15:00),Vancouver,,FC Dallas,,BC Place,,,
Sat,5/23/2020,19:30 (18:30),NY Red Bulls,,D.C. United,,Red Bull Arena,,,
Sat,5/23/2020,19:30 (18:30),New England,,Toronto FC,,Gillette Stadium,,,
Sat,5/23/2020,19:30 (18:30),Orlando City,,Columbus,,Exploria Stadium,,,
Sat,5/23/2020,19:00,Minnesota,,Portland,,Allianz Field,,,
Sat,5/23/2020,19:00,Chicago,,FC Cincinnati,,Soldier Field,,,
Sat,5/23/2020,19:30,Houston,,Nashville,,BBVA Compass Stadium,,,
Sat,5/23/2020,19:30,Sporting KC,,Seattle,,Children's Mercy Park,,,
Sat,5/23/2020,19:00 (20:00),Colorado,,Philadelphia,,Dick's Sporting Goods Park,,,
Sun,5/24/2020,18:30 (17:30),Atlanta,,Miami,,Mercedes-Benz Stadium,,,
Sun,5/24/2020,18:00 (20:00),Los Angeles FC,,NYCFC,,Banc of California Stadium,,,
Wed,5/27/2020,19:30 (18:30),Atlanta,,Toronto FC,,Mercedes-Benz Stadium,,,
Wed,5/27/2020,19:30 (18:30),Columbus,,Vancouver,,MAPFRE Stadium,,,
Wed,5/27/2020,19:00,Chicago,,Portland,,Soldier Field,,,
Wed,5/27/2020,20:00 (19:00),Miami,,FC Cincinnati,,Lockhart Stadium,,,
Wed,5/27/2020,19:30 (21:30),Seattle,,Montreal,,CenturyLink Field,,,
Wed,5/27/2020,19:30 (21:30),LA Galaxy,,D.C. United,,Dignity Health Sports Park,,,
Sat,5/30/2020,15:00 (17:00),San Jose,,Atlanta,,Avaya Stadium,,,
Sat,5/30/2020,18:00 (17:00),Toronto FC,,Miami,,BMO Field,,,
Sat,5/30/2020,19:30 (18:30),Orlando City,,Portland,,Exploria Stadium,,,
Sat,5/30/2020,19:30 (18:30),FC Cincinnati,,Nashville,,Nippert Stadium,,,
Sat,5/30/2020,17:00 (19:00),Los Angeles FC,,Houston,,Banc of California Stadium,,,
Sat,5/30/2020,19:00,Chicago,,New England,,Soldier Field,,,
Sat,5/30/2020,20:00 (19:00),D.C. United,,Vancouver,,Audi Field,,,
Sat,5/30/2020,20:00 (19:00),Philadelphia,,Columbus,,Subaru Park,,,
Sat,5/30/2020,19:30,FC Dallas,,Sporting KC,,Toyota Stadium,,,
Sun,5/31/2020,13:00 (12:00),Montreal,,Colorado,,Saputo Stadium,,,
Sun,5/31/2020,15:00 (14:00),NYCFC,,NY Red Bulls,,Yankee Stadium,,,
Sun,5/31/2020,15:00 (17:00),Seattle,,Real Salt Lake,,CenturyLink Field,,,
Sun,5/31/2020,19:00 (21:00),LA Galaxy,,Minnesota,,Dignity Health Sports Park,,,
Sat,6/6/2020,18:00 (17:00),NY Red Bulls,,Philadelphia,,Red Bull Arena,,,
Sat,6/6/2020,19:30 (18:30),New England,,D.C. United,,Gillette Stadium,,,
Sat,6/6/2020,18:00 (19:00),Real Salt Lake,,FC Dallas,,Rio Tinto Stadium,,,
Sat,6/6/2020,19:30,Sporting KC,,Orlando City,,Children's Mercy Park,,,
Sat,6/6/2020,19:00 (21:00),Vancouver,,Montreal,,BC Place,,,
Sat,6/13/2020,14:00 (16:00),Portland,,Sporting KC,,Providence Park,,,
Sat,6/13/2020,19:30 (18:30),Toronto FC,,Montreal,,BMO Field,,,
Sat,6/13/2020,19:30 (18:30),Orlando City,,NY Red Bulls,,Exploria Stadium,,,
Sat,6/13/2020,19:30 (18:30),Columbus,,Chicago,,MAPFRE Stadium,,,
Sat,6/13/2020,19:00,Minnesota,,Nashville,,Allianz Field,,,
Sat,6/13/2020,20:00 (19:00),D.C. United,,FC Cincinnati,,Audi Field,,,
Sat,6/13/2020,20:00 (19:00),Miami,,FC Dallas,,Lockhart Stadium,,,
Sat,6/13/2020,20:00 (19:00),Philadelphia,,Real Salt Lake,,Subaru Park,,,
Sat,6/13/2020,19:30,Houston,,Atlanta,,BBVA Compass Stadium,,,
Sat,6/13/2020,19:00 (20:00),Colorado,,Los Angeles FC,,Dick's Sporting Goods Park,,,
Sat,6/13/2020,19:00 (21:00),Vancouver,,Seattle,,BC Place,,,
Sat,6/13/2020,19:00 (21:00),LA Galaxy,,San Jose,,Dignity Health Sports Park,,,
Sun,6/14/2020,17:00 (16:00),NYCFC,,New England,,Yankee Stadium,,,
Wed,6/17/2020,19:00 (18:00),Montreal,,Miami,,Saputo Stadium,,,
Wed,6/17/2020,19:00 (18:00),NYCFC,,Atlanta,,Yankee Stadium,,,
Wed,6/17/2020,19:30 (18:30),New England,,Seattle,,Gillette Stadium,,,
Wed,6/17/2020,20:00 (19:00),Toronto FC,,Chicago,,BMO Field,,,
Wed,6/17/2020,19:30,Sporting KC,,LA Galaxy,,Children's Mercy Park,,,
Wed,6/17/2020,19:30,FC Dallas,,Columbus,,Toyota Stadium,,,
Wed,6/17/2020,19:00 (21:00),Vancouver,,NY Red Bulls,,BC Place,,,
Wed,6/17/2020,19:30 (21:30),Los Angeles FC,,Minnesota,,Banc of California Stadium,,,
Wed,6/17/2020,19:30 (21:30),Portland,,Colorado,,Providence Park,,,
Sat,6/20/2020,17:30 (16:30),Atlanta,,Philadelphia,,Mercedes-Benz Stadium,,,
Sat,6/20/2020,19:00 (18:00),Montreal,,Los Angeles FC,,Saputo Stadium,,,
Sat,6/20/2020,19:30 (18:30),New England,,Orlando City,,Gillette Stadium,,,
Sat,6/20/2020,19:30 (18:30),FC Cincinnati,,NYCFC,,Nippert Stadium,,,
Sat,6/20/2020,19:30 (18:30),Columbus,,D.C. United,,MAPFRE Stadium,,,
Sat,6/20/2020,20:00 (19:00),Miami,,Chicago,,Lockhart Stadium,,,
Sat,6/20/2020,19:30,FC Dallas,,Minnesota,,Toyota Stadium,,,
Sat,6/20/2020,19:00 (20:00),Colorado,,Toronto FC,,Dick's Sporting Goods Park,,,
Sat,6/20/2020,20:00,Sporting KC,,Vancouver,,Children's Mercy Park,,,
Sat,6/20/2020,19:00 (21:00),San Jose,,Nashville,,Avaya Stadium,,,
Sat,6/20/2020,20:00 (21:00),Real Salt Lake,,Houston,,Rio Tinto Stadium,,,
Sun,6/21/2020,12:00 (14:00),LA Galaxy,,Seattle,,Dignity Health Sports Park,,,
Sun,6/21/2020,17:00 (16:00),NY Red Bulls,,Portland,,Red Bull Arena,,,
Sat,6/27/2020,14:00 (16:00),Seattle,,NYCFC,,CenturyLink Field,,,
Sat,6/27/2020,18:00 (17:00),Philadelphia,,Vancouver,,Subaru Park,,,
Sat,6/27/2020,17:30,Sporting KC,,Portland,,Children's Mercy Park,,,
Sat,6/27/2020,19:30 (18:30),FC Cincinnati,,FC Dallas,,Nippert Stadium,,,
Sat,6/27/2020,19:30 (18:30),Columbus,,Atlanta,,MAPFRE Stadium,,,
Sat,6/27/2020,19:30 (18:30),NY Red Bulls,,Montreal,,Red Bull Arena,,,
Sat,6/27/2020,19:00,Chicago,,Orlando City,,Soldier Field,,,
Sat,6/27/2020,20:00 (19:00),Miami,,New England,,Lockhart Stadium,,,
Sat,6/27/2020,20:00 (19:00),Toronto FC,,Real Salt Lake,,BMO Field,,,
Sat,6/27/2020,20:00 (19:00),D.C. United,,Minnesota,,Audi Field,,,
Sat,6/27/2020,19:30,Houston,,Colorado,,BBVA Compass Stadium,,,
Sat,6/27/2020,19:00 (21:00),San Jose,,LA Galaxy,,Avaya Stadium,,,
Sat,6/27/2020,20:55 (22:55),Los Angeles FC,,Nashville,,Banc of California Stadium,,,
Wed,7/1/2020,19:00 (18:00),Atlanta,,Montreal,,Mercedes-Benz Stadium,,,
Wed,7/1/2020,19:00 (18:00),NYCFC,,Orlando City,,Yankee Stadium,,,
Wed,7/1/2020,19:30 (18:30),FC Cincinnati,,Miami,,Nippert Stadium,,,
Wed,7/1/2020,20:00 (19:00),D.C. United,,FC Dallas,,Audi Field,,,
Wed,7/1/2020,20:00,Minnesota,,Vancouver,,Allianz Field,,,
Wed,7/1/2020,20:00 (21:00),Real Salt Lake,,Sporting KC,,Rio Tinto Stadium,,,
Wed,7/1/2020,19:30 (21:30),Portland,,Columbus,,Providence Park,,,
Wed,7/1/2020,19:30 (21:30),LA Galaxy,,Nashville,,Dignity Health Sports Park,,,
Fri,7/3/2020,19:30,Houston,,New England,,BBVA Compass Stadium,,,
Sat,7/4/2020,17:00 (16:00),Atlanta,,D.C. United,,Mercedes-Benz Stadium,,,
Sat,7/4/2020,17:30,Sporting KC,,Los Angeles FC,,Children's Mercy Park,,,
Sat,7/4/2020,19:00 (18:00),Montreal,,Philadelphia,,Saputo Stadium,,,
Sat,7/4/2020,19:30 (18:30),Orlando City,,Toronto FC,,Exploria Stadium,,,
Sat,7/4/2020,19:00,FC Dallas,,San Jose,,Toyota Stadium,,,
Sat,7/4/2020,19:00 (21:00),Vancouver,,FC Cincinnati,,BC Place,,,
Sat,7/4/2020,20:00 (21:00),Colorado,,NY Red Bulls,,Dick's Sporting Goods Park,,,
Sat,7/4/2020,19:30 (21:30),LA Galaxy,,Real Salt Lake,,Dignity Health Sports Park,,,
Sun,7/5/2020,18:00 (17:00),Columbus,,Miami,,MAPFRE Stadium,,,
Sun,7/5/2020,18:00,Nashville,,Portland,,Nissan Stadium,,,
Sun,7/5/2020,18:00,Chicago,,NYCFC,,Soldier Field,,,
Sun,7/5/2020,18:00 (20:00),Seattle,,Minnesota,,CenturyLink Field,,,
Wed,7/8/2020,19:30 (18:30),New England,,Atlanta,,Gillette Stadium,,,
Wed,7/8/2020,19:00,Chicago,,Philadelphia,,Soldier Field,,,
Wed,7/8/2020,20:00 (19:00),NY Red Bulls,,Seattle,,Red Bull Arena,,,
Wed,7/8/2020,19:30 (21:30),Los Angeles FC,,Colorado,,Banc of California Stadium,,,
Fri,7/10/2020,20:00 (19:00),Orlando City,,Miami,,Exploria Stadium,,,
Sat,7/11/2020,18:00 (17:00),NY Red Bulls,,Houston,,Red Bull Arena,,,
Sat,7/11/2020,19:00 (18:00),Montreal,,Columbus,,Saputo Stadium,,,
Sat,7/11/2020,19:30 (18:30),Philadelphia,,Toronto FC,,Subaru Park,,,
Sat,7/11/2020,19:30 (18:30),New England,,Nashville,,Gillette Stadium,,,
Sat,7/11/2020,19:00,Chicago,,D.C. United,,Soldier Field,,,
Sat,7/11/2020,19:30,Sporting KC,,FC Cincinnati,,Children's Mercy Park,,,
Sat,7/11/2020,19:30,FC Dallas,,LA Galaxy,,Toyota Stadium,,,
Sat,7/11/2020,19:00 (20:00),Colorado,,Portland,,Dick's Sporting Goods Park,,,
Sat,7/11/2020,19:00 (21:00),San Jose,,NYCFC,,Avaya Stadium,,,
Sat,7/11/2020,20:00 (21:00),Real Salt Lake,,Vancouver,,Rio Tinto Stadium,,,
Sun,7/12/2020,12:30 (11:30),Atlanta,,Seattle,,Mercedes-Benz Stadium,,,
Sun,7/12/2020,17:00,Minnesota,,Los Angeles FC,,Allianz Field,,,
Wed,7/15/2020,19:00 (18:00),NYCFC,,FC Cincinnati,,Yankee Stadium,,,
Sat,7/18/2020,13:00 (15:00),LA Galaxy,,Atlanta,,Dignity Health Sports Park,,,
Sat,7/18/2020,19:00 (18:00),Toronto FC,,Seattle,,BMO Field,,,
Sat,7/18/2020,19:00,Minnesota,,Sporting KC,,Allianz Field,,,
Sat,7/18/2020,19:00,Nashville,,Real Salt Lake,,Nissan Stadium,,,
Sat,7/18/2020,20:00 (19:00),Philadelphia,,New England,,Subaru Park,,,
Sat,7/18/2020,20:00 (19:00),D.C. United,,Montreal,,Audi Field,,,
Sat,7/18/2020,20:00 (19:00),Miami,,NYCFC,,Lockhart Stadium,,,
Sat,7/18/2020,19:30,FC Dallas,,Orlando City,,Toyota Stadium,,,
Sat,7/18/2020,19:00 (20:00),Colorado,,Chicago,,Dick's Sporting Goods Park,,,
Sat,7/18/2020,20:00,Houston,,Vancouver,,BBVA Compass Stadium,,,
Sat,7/18/2020,19:30 (21:30),Portland,,San Jose,,Providence Park,,,
Sun,7/19/2020,18:00 (17:00),NY Red Bulls,,Los Angeles FC,,Red Bull Arena,,,
Sun,7/19/2020,20:00 (19:00),FC Cincinnati,,Columbus,,Nippert Stadium,,,
Wed,7/22/2020,19:00,Nashville,,Los Angeles FC,,Nissan Stadium,,,
Wed,7/22/2020,19:30 (21:30),Seattle,,Houston,,CenturyLink Field,,,
Thu,7/23/2020,20:00 (19:00),Miami,,Atlanta,,Lockhart Stadium,,,
Sat,7/25/2020,12:00 (14:00),Seattle,,Los Angeles FC,,CenturyLink Field,,,
Sat,7/25/2020,17:00 (16:00),NYCFC,,Montreal,,Yankee Stadium,,,
Sat,7/25/2020,19:30 (18:30),Columbus,,Colorado,,MAPFRE Stadium,,,
Sat,7/25/2020,19:30 (18:30),Orlando City,,Philadelphia,,Exploria Stadium,,,
Sat,7/25/2020,19:30 (18:30),FC Cincinnati,,Chicago,,Nippert Stadium,,,
Sat,7/25/2020,19:30 (18:30),Toronto FC,,D.C. United,,BMO Field,,,
Sat,7/25/2020,19:30 (18:30),New England,,NY Red Bulls,,Gillette Stadium,,,
Sat,7/25/2020,19:00,Nashville,,San Jose,,Nissan Stadium,,,
Sat,7/25/2020,19:30,Sporting KC,,FC Dallas,,Children's Mercy Park,,,
Sat,7/25/2020,19:00 (21:00),Vancouver,,LA Galaxy,,BC Place,,,
Sat,7/25/2020,20:00 (21:00),Real Salt Lake,,Minnesota,,Rio Tinto Stadium,,,
Sat,7/25/2020,19:30 (21:30),Portland,,Houston,,Providence Park,,,
Sat,8/1/2020,15:00 (14:00),Atlanta,,NYCFC,,Mercedes-Benz Stadium,,,
Sat,8/1/2020,19:00 (18:00),Montreal,,Sporting KC,,Saputo Stadium,,,
Sat,8/1/2020,19:30 (18:30),FC Cincinnati,,Orlando City,,Nippert Stadium,,,
Sat,8/1/2020,19:30 (18:30),NY Red Bulls,,FC Dallas,,Red Bull Arena,,,
Sat,8/1/2020,19:00,Nashville,,Minnesota,,Nissan Stadium,,,
Sat,8/1/2020,19:00,Chicago,,Toronto FC,,Soldier Field,,,
Sat,8/1/2020,20:00 (19:00),D.C. United,,Columbus,,Audi Field,,,
Sat,8/1/2020,20:00 (19:00),Philadelphia,,Miami,,Subaru Park,,,
Sat,8/1/2020,19:30,Houston,,Real Salt Lake,,BBVA Compass Stadium,,,
Sat,8/1/2020,19:00 (21:00),San Jose,,New England,,Avaya Stadium,,,
Sat,8/1/2020,20:00 (21:00),Colorado,,Vancouver,,Dick's Sporting Goods Park,,,
Sun,8/2/2020,12:30 (14:30),Los Angeles FC,,Seattle,,Banc of California Stadium,,,
Sun,8/2/2020,19:00 (21:00),LA Galaxy,,Portland,,Dignity Health Sports Park,,,
Wed,8/5/2020,19:00,Nashville,,Houston,,Nissan Stadium,,,
Wed,8/5/2020,19:00,Chicago,,San Jose,,Soldier Field,,,
Fri,8/7/2020,19:30 (21:30),Los Angeles FC,,New England,,Banc of California Stadium,,,
Sat,8/8/2020,12:30 (14:30),Seattle,,Sporting KC,,CenturyLink Field,,,
Sat,8/8/2020,17:30,Chicago,,LA Galaxy,,Soldier Field,,,
Sat,8/8/2020,19:00 (18:00),Montreal,,NY Red Bulls,,Saputo Stadium,,,
Sat,8/8/2020,19:00 (18:00),NYCFC,,Philadelphia,,Yankee Stadium,,,
Sat,8/8/2020,19:30 (18:30),Toronto FC,,Columbus,,BMO Field,,,
Sat,8/8/2020,20:00 (19:00),Miami,,D.C. United,,Lockhart Stadium,,,
Sat,8/8/2020,19:30,FC Dallas,,Real Salt Lake,,Toyota Stadium,,,
Sat,8/8/2020,19:00 (21:00),Vancouver,,Orlando City,,BC Place,,,
Sat,8/8/2020,19:30 (21:30),Portland,,FC Cincinnati,,Providence Park,,,
Sun,8/9/2020,14:00,Minnesota,,Atlanta,,Allianz Field,,,
Sun,8/9/2020,18:00 (20:00),San Jose,,Houston,,Avaya Stadium,,,
Sun,8/9/2020,19:00 (20:00),Colorado,,Nashville,,Dick's Sporting Goods Park,,,
Wed,8/12/2020,19:00 (18:00),NYCFC,,Columbus,,Yankee Stadium,,,
Wed,8/12/2020,19:30 (18:30),Atlanta,,New England,,Mercedes-Benz Stadium,,,
Wed,8/12/2020,19:30 (18:30),FC Cincinnati,,Los Angeles FC,,Nippert Stadium,,,
Sat,8/15/2020,18:00 (17:00),Toronto FC,,Philadelphia,,BMO Field,,,
Sat,8/15/2020,19:30 (18:30),Orlando City,,D.C. United,,Exploria Stadium,,,
Sat,8/15/2020,19:30 (18:30),Columbus,,New England,,MAPFRE Stadium,,,
Sat,8/15/2020,19:30 (18:30),NY Red Bulls,,Chicago,,Red Bull Arena,,,
Sat,8/15/2020,19:00,Nashville,,Vancouver,,Nissan Stadium,,,
Sat,8/15/2020,19:30,FC Dallas,,Colorado,,Toyota Stadium,,,
Sat,8/15/2020,19:30,Houston,,NYCFC,,BBVA Compass Stadium,,,
Sat,8/15/2020,19:30,Sporting KC,,San Jose,,Children's Mercy Park,,,
Sat,8/15/2020,20:00 (21:00),Real Salt Lake,,Montreal,,Rio Tinto Stadium,,,
Sat,8/15/2020,19:30 (21:30),LA Galaxy,,FC Cincinnati,,Dignity Health Sports Park,,,
Sun,8/16/2020,15:00 (14:00),Atlanta,,Los Angeles FC,,Mercedes-Benz Stadium,,,
Sun,8/16/2020,18:00,Minnesota,,Seattle,,Allianz Field,,,
Sun,8/16/2020,18:00 (20:00),Portland,,Miami,,Providence Park,,,
Thu,8/20/2020,19:30 (18:30),Miami,,Orlando City,,Lockhart Stadium,,,
Thu,8/20/2020,20:30,Houston,,FC Dallas,,BBVA Compass Stadium,,,
Sat,8/22/2020,13:00 (15:00),Seattle,,Portland,,CenturyLink Field,,,
Sat,8/22/2020,19:30 (18:30),New England,,Sporting KC,,Gillette Stadium,,,
Sat,8/22/2020,19:30 (18:30),Columbus,,FC Cincinnati,,MAPFRE Stadium,,,
Sat,8/22/2020,19:00,Minnesota,,Chicago,,Allianz Field,,,
Sat,8/22/2020,20:00 (19:00),D.C. United,,Philadelphia,,Audi Field,,,
Sat,8/22/2020,20:00 (19:00),Montreal,,Toronto FC,,Saputo Stadium,,,
Sat,8/22/2020,19:00 (20:00),Colorado,,Real Salt Lake,,Dick's Sporting Goods Park,,,
Sat,8/22/2020,19:00 (21:00),Vancouver,,San Jose,,BC Place,,,
Sun,8/23/2020,14:30 (13:30),Atlanta,,Orlando City,,Mercedes-Benz Stadium,,,
Sun,8/23/2020,14:00 (16:00),LA Galaxy,,Los Angeles FC,,Dignity Health Sports Park,,,
Sun,8/23/2020,19:00 (18:00),NY Red Bulls,,NYCFC,,Red Bull Arena,,,
Sun,8/23/2020,19:30,FC Dallas,,Nashville,,Toyota Stadium,,,
Wed,8/26/2020,19:00 (18:00),Montreal,,Atlanta,,Saputo Stadium,,,
Wed,8/26/2020,19:30 (21:30),Los Angeles FC,,Vancouver,,Banc of California Stadium,,,
Fri,8/28/2020,20:00 (19:00),Miami,,Seattle,,Lockhart Stadium,,,
Sat,8/29/2020,18:30 (17:30),Atlanta,,NY Red Bulls,,Mercedes-Benz Stadium,,,
Sat,8/29/2020,19:30 (18:30),FC Cincinnati,,Montreal,,Nippert Stadium,,,
Sat,8/29/2020,20:00 (19:00),Philadelphia,,Orlando City,,Subaru Park,,,
Sat,8/29/2020,20:00 (19:00),D.C. United,,New England,,Audi Field,,,
Sat,8/29/2020,19:30,Sporting KC,,Columbus,,Children's Mercy Park,,,
Sat,8/29/2020,19:00 (20:00),Colorado,,Minnesota,,Dick's Sporting Goods Park,,,
Sat,8/29/2020,20:00,Houston,,Toronto FC,,BBVA Compass Stadium,,,
Sat,8/29/2020,19:30 (20:30),Real Salt Lake,,Nashville,,Rio Tinto Stadium,,,
Sat,8/29/2020,19:00 (21:00),San Jose,,FC Dallas,,Avaya Stadium,,,
Sat,8/29/2020,19:00 (21:00),Vancouver,,Chicago,,BC Place,,,
Sun,8/30/2020,16:00 (15:00),NYCFC,,LA Galaxy,,Yankee Stadium,,,
Sun,8/30/2020,18:00 (20:00),Portland,,Los Angeles FC,,Providence Park,,,
Fri,9/4/2020,19:00 (18:00),Montreal,,D.C. United,,Saputo Stadium,,,
Sat,9/5/2020,14:30,Chicago,,Sporting KC,,Soldier Field,,,
Sat,9/5/2020,19:30,FC Dallas,,Portland,,Toyota Stadium,,,
Fri,9/11/2020,19:00 (18:00),Montreal,,NYCFC,,Saputo Stadium,,,
Fri,9/11/2020,19:30 (21:30),Los Angeles FC,,FC Dallas,,Banc of California Stadium,,,
Sat,9/12/2020,15:30 (14:30),NY Red Bulls,,Miami,,Red Bull Arena,,,
Sat,9/12/2020,15:30 (17:30),Seattle,,LA Galaxy,,CenturyLink Field,,,
Sat,9/12/2020,19:30 (18:30),Toronto FC,,Atlanta,,BMO Field,,,
Sat,9/12/2020,19:30 (18:30),Orlando City,,Nashville,,Exploria Stadium,,,
Sat,9/12/2020,19:30 (18:30),New England,,Philadelphia,,Gillette Stadium,,,
Sat,9/12/2020,19:30 (18:30),Columbus,,Houston,,MAPFRE Stadium,,,
Sat,9/12/2020,19:00 (20:00),Real Salt Lake,,FC Cincinnati,,Rio Tinto Stadium,,,
Sat,9/12/2020,19:00 (20:00),Colorado,,Sporting KC,,Dick's Sporting Goods Park,,,
Sat,9/12/2020,19:00 (21:00),San Jose,,Portland,,Avaya Stadium,,,
Sun,9/13/2020,13:00 (12:00),D.C. United,,Chicago,,Audi Field,,,
Sun,9/13/2020,18:00 (20:00),Vancouver,,Minnesota,,BC Place,,,
Wed,9/16/2020,19:00 (18:00),NYCFC,,Miami,,Yankee Stadium,,,
Wed,9/16/2020,19:00,Nashville,,Colorado,,Nissan Stadium,,,
Wed,9/16/2020,19:30,Houston,,Los Angeles FC,,BBVA Compass Stadium,,,
Wed,9/16/2020,19:30 (21:30),Seattle,,San Jose,,CenturyLink Field,,,
Sat,9/19/2020,15:30 (14:30),Atlanta,,Chicago,,Mercedes-Benz Stadium,,,
Sat,9/19/2020,16:00 (18:00),Vancouver,,Houston,,BC Place,,,
Sat,9/19/2020,19:30 (18:30),Orlando City,,NYCFC,,Exploria Stadium,,,
Sat,9/19/2020,19:30 (18:30),FC Cincinnati,,Philadelphia,,Nippert Stadium,,,
Sat,9/19/2020,19:30 (18:30),Columbus,,NY Red Bulls,,MAPFRE Stadium,,,
Sat,9/19/2020,19:00,Minnesota,,New England,,Allianz Field,,,
Sat,9/19/2020,20:00 (19:00),Miami,,Montreal,,Lockhart Stadium,,,
Sat,9/19/2020,19:30,Sporting KC,,Nashville,,Children's Mercy Park,,,
Sat,9/19/2020,18:00 (20:00),Portland,,Toronto FC,,Providence Park,,,
Sat,9/19/2020,19:00 (21:00),San Jose,,Real Salt Lake,,Avaya Stadium,,,
Sat,9/19/2020,19:30 (21:30),LA Galaxy,,Colorado,,Dignity Health Sports Park,,,
Sun,9/20/2020,16:00,FC Dallas,,Seattle,,Toyota Stadium,,,
Sun,9/20/2020,16:00 (18:00),Los Angeles FC,,D.C. United,,Banc of California Stadium,,,
Sat,9/26/2020,12:30 (14:30),Los Angeles FC,,San Jose,,Banc of California Stadium,,,
Sat,9/26/2020,18:00 (17:00),Atlanta,,Columbus,,Mercedes-Benz Stadium,,,
Sat,9/26/2020,19:00 (18:00),NYCFC,,D.C. United,,Yankee Stadium,,,
Sat,9/26/2020,19:00 (18:00),Toronto FC,,Orlando City,,BMO Field,,,
Sat,9/26/2020,19:30 (18:30),New England,,Miami,,Gillette Stadium,,,
Sat,9/26/2020,19:30 (18:30),FC Cincinnati,,Minnesota,,Nippert Stadium,,,
Sat,9/26/2020,19:00,Nashville,,LA Galaxy,,Nissan Stadium,,,
Sat,9/26/2020,19:00,Chicago,,Montreal,,Soldier Field,,,
Sat,9/26/2020,19:00 (20:00),Colorado,,Seattle,,Dick's Sporting Goods Park,,,
Sat,9/26/2020,20:00,FC Dallas,,Vancouver,,Toyota Stadium,,,
Sat,9/26/2020,19:30 (21:30),Portland,,Real Salt Lake,,Providence Park,,,
Sun,9/27/2020,18:00,Houston,,Sporting KC,,BBVA Compass Stadium,,,
Sun,9/27/2020,20:00 (19:00),Philadelphia,,NY Red Bulls,,Subaru Park,,,
Sun,10/4/2020,13:30 (15:30),Seattle,,Nashville,,CenturyLink Field,,,
Sun,10/4/2020,13:30 (15:30),San Jose,,Colorado,,Avaya Stadium,,,
Sun,10/4/2020,13:30 (15:30),Vancouver,,Portland,,BC Place,,,
Sun,10/4/2020,13:30 (15:30),LA Galaxy,,FC Dallas,,Dignity Health Sports Park,,,
Sun,10/4/2020,14:30 (15:30),Real Salt Lake,,Los Angeles FC,,Rio Tinto Stadium,,,
Sun,10/4/2020,15:30,Minnesota,,Houston,,Allianz Field,,,
Sun,10/4/2020,15:30,Sporting KC,,NYCFC,,Children's Mercy Park,,,
Sun,10/4/2020,16:30 (15:30),NY Red Bulls,,Toronto FC,,Red Bull Arena,,,
Sun,10/4/2020,16:30 (15:30),Philadelphia,,Chicago,,Subaru Park,,,
Sun,10/4/2020,16:30 (15:30),D.C. United,,Atlanta,,Audi Field,,,
Sun,10/4/2020,16:30 (15:30),Montreal,,FC Cincinnati,,Saputo Stadium,,,
Sun,10/4/2020,16:30 (15:30),Orlando City,,New England,,Exploria Stadium,,,
Sun,10/4/2020,16:30 (15:30),Miami,,Columbus,,Lockhart Stadium,,,
